EAN code	Vendorcode	Vendor SKU	Brand	Name	SRP price ex. VAT EUR	Your price ex. VAT EUR	Stock
	TD108R1X	RSH-2898	ACT	RJ-45 (8P/8C) Connector voor soepele aders 1 stuk	0.50	0.45	36
8716065129571	IB8000	RSH-2894	ACT	ACT U/UTP 0.50 meter CAT6 patchkabel grijs	1.48	1.11	38
8716065113853	AK5020	RSH-2945	ACT	ACT Netsnoer 230V 8-Vorm	1.65	0.80	77
8716065113884	AK5029	RSH-2970	ACT	ACT Netsnoer 230V C13 - C14 zwart 0.6M	1.90	1.19	21
8716065258127	IB8052	RSH-2851	ACT	ACT U/UTP 0.25 meter CAT6 patchkabel grijs	2.19	1.13	23
8716065129977	IB8600	RSH-2892	ACT	ACT U/UTP 0.50 meter CAT6 patchkabel blauw	2.44	1.50	3
8716065130171	IB8800	RSH-2893	ACT	ACT U/UTP 0.50 meter CAT6 patchkabel geel	2.44	1.50	10
8716065130072	IB8700	RSH-2895	ACT	ACT U/UTP 0.50 meter CAT6 patchkabel groen	2.44	1.50	15
8716065129878	IB8500	RSH-2896	ACT	ACT U/UTP 0.50 meter CAT6 patchkabel rood	2.44	1.50	11
8716065130270	IB8900	RSH-2897	ACT	ACT U/UTP 0.50 meter CAT6 patchkabel zwart	2.44	1.50	17
8716065111828	AK3200	RSH-3109	ACT	ACT Serial ATA II	2.48	1.27	3
8716065129588	IB8001	RSH-2833	ACT	ACT U/UTP 1 meter CAT6 patchkabel grijs	3.26	2.05	14
8716065299618	AK5112	RSH-2968	ACT	ACT Netsnoer 230V C13 - C14 groen 0.6m	3.26	1.74	5
8716065112443	AK3395	RSH-3705	ACT	Sata naar Sata female haakse connector	3.26	2.10	6
8716065113891	AK5030	RSH-2189	ACT	ACT Netsnoer 230v C13 - C14 BK 1.80M	4.09	1.93	6
8716065112412	AK 3382	RSH-2962	ACT	Sata naar Sata 3000Mbit/Sec	4.09	3.18	7
8716065130294	IB8902	RSH-4883	ACT	ACT U/UTP 2 meter CAT6 patchkabel zwart	4.13	2.55	17
8716065299632	AK5114	RSH-2969	ACT	ACT Netsnoer 230V C13 - C14 groen 1.8m	4.38	2.74	3
8716065129601	IB8003	RSH-2839	ACT	ACT U/UTP 3 meter CAT6 patchkabel grijs	4.92	3.10	9
8716065113808	AK5012	RSH-2944	ACT	ACT Netsnoer 230V	4.92	2.25	1
8716065130287	IB8901	RSH-4885	ACT	ACT U/UTP 1 meter CAT6 patchkabel zwart	4.92	3.95	5
8716065130188	IB8801	RSH-4884	ACT	ACT U/UTP 1 meter CAT6 patchkabel geel	4.96	4.00	10
8716065113945	AK5052	RSH-2971	ACT	ACT 230V splitskabel C14 - 2 x C13 1M	6.57	4.00	6
8716065132199	TD108R	RSH-2899	ACT	RJ-45 (8P/8C) Connector voor soepele aders 25 stuks	6.98	5.00	9
8716065129632	IB8010	RSH-2835	ACT	ACT U/UTP 10 meter CAT6 patchkabel grijs	8.22	6.19	4
8716065252286	AK3791	RSH-2965	ACT	ACT 1,5 meter High Speed HDMI, Standard Quality	8.22	4.00	9
8716065318203	IB8030	RSH-2841	ACT	ACT U/UTP 30 meter CAT6 patchkabel grijs	17.33	13.99	6
8716065113037	AK3752	RSH-2967	ACT	ACT 5 meter High Speed HDMI, High Quality	18.55	12.50	1
8716065136586	EP800H	RSH-2837	ACT	ACT U/UTP 100 meter CAT6 soepel grijs op rol	41.28	38.41	25
4718201791684	PMAX-1101	RSH-1867	ACTi	ACTi PMAX-1101 Housing Bracket	28.10	11.00	1
4718201791530	PMAX-0308	RSH-2418	ACTi	ACTi PMAX-0308 mount module	48.76	20.90	4
4718201798690	PMAX-0313	RSH-3512	ACTi	ACTi PMAX-0313	61.00	31.90	5
4718201791554	PMAX-0402	RSH-2806	ACTi	ACTI PMAX-0402 Mount Module	100.00	52.80	4
4718201795101	D54	RSH-1427	ACTi	ACTi D54 1MP, IR LED, Indoor IP Dome Camera	176.86	118.80	1
4718201797778	E71A	RSH-2792	ACTi	ACTi E71A Outdoor Dome Camera	323.00	178.20	1
4718201794869	ENR-1100	RSH-1432	ACTi	ACTi ENR-1100 Desktop, 9 channel NVR 2Bay Barebone	663.64	231.00	6
731304313731	PM1W-GR	RSH-4897	APC	APC Essential SurgeArrest, 1 stopcontact, 230V, PM1W-GR	12.40	11.36	0
731304313120	PM5-GR	RSH-4898	APC	APC Essential SurgeArrest 5 stopcontacten 230V PM5-GR	15.70	14.96	0
731304313748	PM5U-GR	RSH-4899	APC	APC Essential SurgeArrest 5 outlets met 5V, 2.4A 2 USB poorten 2	20.66	20.24	0
731304003243	RBC2	RSH-4900	APC	APC Vervangende batterij cartridge #2 RBC2	40.50	39.21	0
731304211143	BE325-GR	RSH-2914	APC	APC SurgeArrest + Batterij Backup 325VA Schuko	52.89	51.73	0
731304307365	BX500CI	RSH-4893	APC	APC Back-UPS 500VA,AVR, IEC stopcontacten BX500CI	52.89	51.09	0
731304284369	RBC123	RSH-4888	APC	APC Vervangende batterij cartridge #123 APCRBC123	58.68	57.19	0
731304233367	BE400-GR	RSH-2943	APC	APC Power-Saving Back-UPS ES 8 Outlet 400VA 230V Schuko	64.46	63.13	0
731304315803	BX700UI	RSH-4895	APC	APC Back-UPS 700VA, 230V, AVR, IEC Sockets BX700UI	66.12	64.05	0
731304315780	BX700U-GR	RSH-4894	APC	APC Back-UPS 700VA, 230V, AVR, SCHUKO stopcontacten BX700U-GR	71.07	69.44	0
731304271666	BE550G-GR	RSH-2923	APC	APC Power-Saving Back-UPS ES 8 Outlet 550VA 230V Schuko	74.38	72.24	2
731304016342	BK350EI	RSH-0529	APC	APC Back-UPS CS 350VA USB/Serial 230V	79.34	77.47	6
731304271703	BE700G-GR	RSH-2922	APC	APC Power-Saving Back-UPS ES 8 Outlet 700VA 230V Schuko	83.47	81.30	5
731304315988	BX950U-GR	RSH-4896	APC	APC Back-UPS 950VA, 230V, AVR, Schuko Stopcontacten BX950U-GR	89.26	86.72	0
731304016359	BK500EI	RSH-2913	APC	APC Back-UPS 500VA 230V	100.00	97.97	2
731304221586	RBC48	RSH-4903	APC	APC Vervangende batterij cartridge #48 RBC48	104.96	102.25	0
731304219781	BK650EI	RSH-0528	APC	APC Back-UPS 650VA 230V	115.70	113.17	2
731304266884	BR550GI	RSH-2917	APC	APC Power-Saving Back-UPS Pro 550 230V IEC	119.83	117.48	0
731304315933	BX1400U-GR	RSH-4891	APC	APC Back-UPS 1400VA, 230V, AVR, Schuko Stopcontacten BX1400U-GR	128.10	125.50	0
731304315957	BX1400UI	RSH-4892	APC	APC Back-UPS 1400VA, 230V, AVR, IEC Stopcontacten BX1400UI	129.75	127.04	0
731304003281	RBC6	RSH-4905	APC	APC Vervangende batterij cartridge #6 RBC6	152.89	149.09	0
731304213055	AP9565	RSH-3179	APC	APC Rack PDU, Basic, 1U, 16A, 208/230V, (12)C13	166.12	162.09	0
731304286912	BR900G-GR	RSH-2915	APC	APC Power-Saving Back-UPS Pro 900 230V Schuko	173.55	169.98	0
731304003298	RBC7	RSH-4906	APC	APC Vervangende batterij cartridge #7 RBC7	177.69	173.62	0
731304222712	SC450RMI1U	RSH-4907	APC	APC Smart-UPS SC 450VA 230V - 1U Rackmount/Tower SC450RMI1U	213.22	208.75	0
731304267416	AP9630	RSH-3181	APC	APC UPS Netwerk Management Kaart	215.70	211.03	0
731304291282	RBC133	RSH-4889	APC	APC Vervangende batterij cartridge #133 APCRBC133	218.18	213.15	0
731304226369	AP9572	RSH-3180	APC	APC Rack PDU, Basic, Zero U, 16A, 208/230V, (15) C13	238.02	232.83	0
731304286837	BR1200GI	RSH-2921	APC	APC Power-Saving Back-UPS Pro 1200 230V IEC	258.68	253.33	0
731304268758	BR1200G-GR	RSH-2920	APC	APC Power-Saving Back-UPS Pro 1200 230V Schuko	260.33	254.70	0
731304269069	SMT750I	RSH-4915	APC	APC Smart-UPS 750VA LCD 230V SMT750I	265.29	259.75	0
731304268741	BR1500GI	RSH-2919	APC	APC Power-Saving Back-UPS Pro 1500 230V IEC	277.69	271.61	0
731304015772	RBC24	RSH-4901	APC	APC Vervangende batterij cartridge #24 RBC24	304.96	298.31	0
731304218463	RBC43	RSH-4902	APC	APC Vervangende batterij cartridge #43 RBC43	308.26	301.46	0
731304233510	RBC55	RSH-4904	APC	APC Vervangende batterij cartridge #55 RBC55	308.26	301.50	0
731304286875	BR1500G-GR	RSH-2918	APC	APC Power-Saving Back-UPS Pro 1500 230V Schuko	310.74	304.39	0
731304303688	SMC1000I	RSH-4908	APC	APC Smart-UPS C 1000VA LCD 230V SMC1000I	333.88	326.97	0
731304267423	AP9361	RSH-4887	APC	APC AP9631 UPS Netwerkmanagementkaart 2	348.76	341.58	0
731304268673	SMT1000I	RSH-4911	APC	APC Smart-UPS 1000VA LCD 230V SMT1000I	380.99	373.40	0
731304284765	SMT750RMI2U	RSH-3164	APC	APC Smart-UPS 750VA LCD RM 2U 230V	393.39	385.14	0
731304310068	RBC140	RSH-4890	APC	APC Vervangende batterij cartridge #140 APCRBC140	413.22	405.02	0
731304268581	SMX750I	RSH-3170	APC	APC Smart-UPS X 750VA Rack/Tower LCD 230V	428.10	419.00	0
731304303701	SMC1500I	RSH-4909	APC	APC Smart-UPS C 1500VA LCD 230V SMC1500I	443.80	434.77	0
731304268611	SMX48RMBP2U	RSH-4916	APC	APC Smart-UPS X-Series 48V External Battery Pack Rack/Tower SMX4	490.08	480.10	0
731304268680	SMT1500I	RSH-4912	APC	APC Smart-UPS 1500VA LCD 230V SMT1500I	514.88	504.57	0
731304284741	SMT1000RMI2U	RSH-3165	APC	APC Smart-UPS 1000VA LCD RM 2U 230V	529.75	519.34	0
731304303718	SMC1500I-2U	RSH-4910	APC	APC Smart-UPS C 1500VA LCD RM 2U 230V SMC1500I-2U	542.15	531.14	0
731304268635	SMX1000I	RSH-3169	APC	APC Smart-UPS X 1000VA Rack/Tower LCD 230V	557.02	546.01	0
731304284758	SMT1500RMI2U	RSH-3166	APC	APC Smart-UPS 1500VA LCD RM 2U 230V	671.07	657.89	0
731304295839	SMX120RMBP2U	RSH-3175	APC	APC Smart-UPS X 120V External Battery Pack Rack/Tower	674.38	660.37	0
731304274025	SMT2200I	RSH-4914	APC	APC Smart-UPS 2200VA LCD 230V SMT2200I	788.43	772.85	0
731304327684	SMT1500RMI2UNC	RSH-4913	APC	APC Smart-UPS 1500VA LCD RM 2U 230V met Netwerkkaart SMT1500RMI2	888.43	870.80	0
731304292609	SMX2200HV	RSH-3171	APC	APC Smart-UPS X 2200VA Tower/Rack Convertible	1053.72	1033.01	0
731304284635	SMT2200RMI2U	RSH-3167	APC	APC Smart-UPS 2200VA LCD RM 2U 230V	1115.70	1093.20	0
731304292616	SMX3000HV	RSH-3172	APC	APC Smart-UPS X 3000VA Tower/Rack Convertible LCD 200-240V	1364.46	1337.55	0
731304284642	SMT3000RMI2U	RSH-3168	APC	APC Smart-UPS 3000VA LCD RM 2U 230V	1423.14	1395.19	0
731304272687	SMX2200RMHV2U	RSH-3174	APC	APC Smart-UPS X 2200VA Rack/Tower LCD 200-240V	1456.20	1426.86	0
731304272694	SMX3000RMHV2UNC	RSH-3173	APC	APC Smart-UPS X 3000VA Rack/Tower LCD 200-240V + Netwerkkaart	1913.22	1875.26	0
731304317647	SRT3000RMXLI	RSH-4917	APC	APC Smart-UPS SRT 3000VA RM 230V SRT3000RMXLI	1979.34	1940.09	0
4710474839391	License(1Channel)	RSH-3155	ASUSTOR	ASUSTOR Camera License (1 Channel)	37.19	34.21	0
4710474839575	AS7-RAM2G	RSH-3438	ASUSTOR	ASUSTOR 2GB DDR3-1600 204Pin SO-DIMM RAM Module	45.45	41.82	2
4710474839582	AS7-RAM4G	RSH-3439	ASUSTOR	ASUSTOR 4GB DDR3-1600 204Pin SO-DIMM RAM Module	73.55	67.67	2
4710474839018	AS-Rail	RSH-3445	ASUSTOR	ASUSTOR Rail kit voor 1U/2U Rack-Mounted Systeem	75.21	69.19	0
4710474839704	AS5-RAM8G	RSH-3517	ASUSTOR	ASUSTOR 8GB DDR3L SODIMM RAM Module	127.23	117.05	1
4710474830671	AS1002T	RSH-3458	ASUSTOR	ASUSTOR AS1002T	131.41	120.89	14
4710474839407	License(4Channels)	RSH-3156	ASUSTOR	ASUSTOR Camera License (4 Channels)	140.50	129.26	0
4710474830688	AS1004T	RSH-3459	ASUSTOR	ASUSTOR AS1004T	222.31	204.53	4
4710474830732	AS3102T	RSH-3506	ASUSTOR	ASUSTOR AS3102T	230.58	212.13	12
4710474830695	AS6102T	RSH-3453	ASUSTOR	ASUSTOR AS6102T	238.84	219.74	11
4710474830756	AS3202T	RSH-3788	ASUSTOR	ASUSTOR AS3202T	271.90	250.15	2
4710474830824	AS6004U	RSH-4507	ASUSTOR	ASUSTOR AS6004U	271.90	250.15	3
4710474830718	AS6202T	RSH-3455	ASUSTOR	ASUSTOR AS6202T	321.49	295.77	9
4710474830749	AS3104T	RSH-3507	ASUSTOR	ASUSTOR AS3104T	321.49	295.77	4
4710474830701	AS6104T	RSH-3454	ASUSTOR	ASUSTOR AS6104T	338.02	310.98	4
4710474830831	AS6302T	RSH-4505	ASUSTOR	ASUSTOR AS6302T	354.55	326.18	3
4710474830763	AS3204T	RSH-3789	ASUSTOR	ASUSTOR AS3204T	362.81	333.79	1
4710474830725	AS6204T	RSH-3456	ASUSTOR	ASUSTOR AS6204T	420.66	387.01	6
4710474830848	AS6404T	RSH-4506	ASUSTOR	ASUSTOR AS6404T	569.42	523.87	9
4710474830800	AS6204RS	RSH-4109	ASUSTOR	ASUSTOR AS6204RS	577.69	531.47	0
4710474830770	AS6208T	RSH-3906	ASUSTOR	ASUSTOR AS6208T	693.39	637.92	1
4710474830787	AS6210T	RSH-3907	ASUSTOR	ASUSTOR AS6210T	759.50	698.74	0
4710474830589	AS7004T	RSH-2908	ASUSTOR	ASUSTOR AS7004T (SATA x4, RAID, HDMI)	825.62	759.57	0
4710474830800	AS6204RD	RSH-4110	ASUSTOR	ASUSTOR AS6204RD	859.50	790.74	0
4710474830855	AS7004T-i5	RSH-4654	ASUSTOR	ASUSTOR AS7004T-i5	990.91	911.64	2
4710474830473	AS7010T	RSH-3152	ASUSTOR	ASUSTOR AS7010T	1321.49	1215.77	0
4710474830817	AS6212RD	RSH-4308	ASUSTOR	ASUSTOR AS6212RD	1404.96	1292.56	0
4710474830862	AS7010T-i5	RSH-4655	ASUSTOR	ASUSTOR AS7010T-i5	1445.45	1329.82	0
7331021048447	5506-801	RSH-4003	Axis	64GB AXIS Surveillance microSDXC kaart	71.90	70.82	0
7331021052406	5801-352	RSH-4000	Axis	AXIS Companion 4-poort 10/100 Mbps PoE+ switch	81.82	80.59	0
7331021051508	0894-001	RSH-3995	Axis	AXIS Companion Dome V	168.60	166.07	0
7331021049000	0802-001	RSH-4445	Axis	AXIS M3044-V Netwerk Mini Dome Camera	189.26	186.42	0
7331021054035	0891-001	RSH-4158	Axis	AXIS Companion Cube L	195.04	192.11	0
7331021049222	0812-002	RSH-4443	Axis	AXIS M1045-LW Netwerk Cube Camera	215.70	212.46	0
7331021055773	0959-001	RSH-4646	Axis	AXIS Companion Bullet LE	225.62	222.24	0
7331021055001	0881-001	RSH-4159	Axis	Axis Companion Eye L	227.27	223.86	0
7331021005785	0555-002	RSH-2652	Axis	AXIS M1025	228.10	224.68	2
7331021054998	0880-001	RSH-4160	Axis	Axis Companion Eye LVE	247.11	243.40	0
7331021031722	0336-001	RSH-2338	Axis	AXIS M3203	247.20	243.49	1
7331021049048	0804-001	RSH-4386	Axis	Axis M3045-V IP Indoor Dome White	253.72	249.91	0
7331021053946	0811-001	RSH-4429	Axis	AXIS M1065-L Netwerk Camera	263.64	259.69	2
7331021051683	0892-002	RSH-4665	Axis	AXIS Companion Cube LW	271.07	267.00	0
7331021046450	0747-001	RSH-4448	Axis	AXIS M1124 Network Box Camera	275.21	271.08	2
7331021052819	0925-001	RSH-4441	Axis	AXIS P1264 Pinhole Netwerk Camera	280.99	276.78	0
7331021049208	0810-002	RSH-4444	Axis	AXIS M1065-LW Netwerk Cube Camera	280.99	276.78	0
7331021031814	0339-001	RSH-2331	Axis	AXIS M1104	288.96	284.62	1
7331021031838	0340-001	RSH-2333	Axis	AXIS M1113	293.07	288.67	1
7331021030435	5020-101	RSH-3430	Axis	AXIS T8311 Video Surveillance Joystick	317.36	312.60	0
7331021046474	0749-001	RSH-4449	Axis	AXIS M1125 Netwerk Box Camera	333.06	328.06	0
7331021049086	0806-001	RSH-4446	Axis	AXIS M3046-V Netwerk Mini Dome Camera	351.24	345.97	0
7331021055599	0950-001	RSH-4440	Axis	AXIS P3224-V Mk II Netwerk Camera	395.87	389.93	0
7331021004030	0533-001	RSH-2341	Axis	AXIS P1214-E	398.35	392.37	0
7331021046481	0750-001	RSH-4450	Axis	AXIS M1125-E Netwerk Box Camera	413.22	407.02	0
7331021007048	0514-001	RSH-2415	Axis	AXIS M3007-PV	437.19	430.63	0
7331021003798	M3024-LVE	RSH-3117	Axis	AXIS M3024-LVE	437.19	430.63	0
7331021034464	0399-001	RSH-2339	Axis	AXIS M5014	473.55	466.45	0
7331021055056	0832-002	RSH-3996	Axis	AXIS Companion Recorder 2TB	488.43	481.10	0
7331021007956	0547-001	RSH-2416	Axis	AXIS M3026-VE Network Camera	517.36	509.60	0
7331021055926	0961-001	RSH-4442	Axis	AXIS P1405-LE Mk II Netwerk Bullet Camera	566.94	558.44	0
7331021055148	0893-002	RSH-3997	Axis	AXIS Companion Recorder 4TB	576.86	568.21	0
7331021045231	0625-001	RSH-3449	Axis	AXIS P1427-LE Netwerk Camera	723.97	713.11	0
7331021033108	0406-001	RSH-2348	Axis	AXIS P3367-V	908.26	894.64	0
7331021033115	0407-001	RSH-2349	Axis	AXIS P3367-VE	1089.26	1072.92	0
7331021045866	0637-001	RSH-3450	Axis	AXIS P1428-E Netwerk Camera	30311.57	29856.90	0
7331021004832	0473-001	RSH-2347	Axis	AXIS P3364-LVE	40112.40	39510.71	0
	CDAVDrive-DriveStand	RSH-0937	CalDigit	Caldigit AV Drive Drive Stand	12.60	11.85	6
	500531	RSH-3719	CalDigit	CalDigit USB Type-C naar HDMI Adapter	27.69	26.02	1
		RSH-0894	CalDigit	CalDigit VR Tray	41.17	38.70	6
	727100	RSH-0320	CalDigit	CalDigit FASTA-2e 2 port PCI-e SATA 6G host card	58.79	55.26	4
	791901	RSH-0702	CalDigit	CalDigit USB 3.0 SuperSpeed Express Card for Laptop	70.25	66.03	1
	590103	RSH-2231	CalDigit	Caldigit Spare Drive Kit 1TB AVPro/T3/T4	102.99	96.81	1
4712010086603	500550	RSH-4156	CalDigit	CalDigit USB-C Dock	164.46	154.60	20
	590120	RSH-2233	CalDigit	Caldigit Spare Drive Kit 3TB AVPro/T3/T4	216.30	203.32	1
	500796	RSH-4627	CalDigit	CalDigit TS3 Thunderbolt Station 3 + 0.5m kabel	247.11	232.28	11
	590115	RSH-2234	CalDigit	Caldigit Spare Drive Kit 4TB AVPro/T3/T4	288.40	271.09	2
	PFA134	RSH-4365	Dahua	Dahua Easy4IP PFA134 Waterproof aansluitdoos	15.62	14.06	0
	PFA136	RSH-4366	Dahua	Dahua Easy4IP PFA136 Waterproof aansluitdoos	15.62	14.06	0
	PFA137	RSH-4367	Dahua	Dahua Easy4IP PFA137 Waterproof aansluitdoos	15.62	14.06	0
	PFA152	RSH-4368	Dahua	Dahua Easy4IP PFA152 Paalbevestiging	20.58	18.52	0
	PFB202W	RSH-4370	Dahua	Dahua Easy4IP PFB202W Muur bevestigingsbeugel	26.36	23.73	0
	PFB203W	RSH-4371	Dahua	Dahua Easy4IP PFB203W Muur bevestigingsbeugel	26.36	23.73	1
	PFB200C	RSH-4369	Dahua	Dahua Easy4IP PFB200C Plafond bevestigingsbeugel	37.11	33.40	0
	IPC-C15	RSH-4350	Dahua	Dahua Easy4IP IPC-C15 1.3MP C Series Wi-Fi Network Camera	66.03	59.43	0
6939554905377	IPC-C35	RSH-4351	Dahua	Dahua Easy4IP IPC-C35 3MP C Series Wi-Fi Network Camera	82.56	74.31	0
	IPC-HDBW1120E-W	RSH-4352	Dahua	Dahua Easy4IP IPC-HDBW1120E-W 1.3MP Mini-Dome Wi-Fi	90.83	81.74	0
6939554903892	IPC-HFW1120S-W	RSH-4355	Dahua	Dahua Easy4IP IPC-HFW1120S-W 1.3MP IR Mini-Bullet Wi-Fi Network 	90.83	81.74	1
	IPC-K15	RSH-4358	Dahua	Dahua Easy4IP IPC-K15 1.3MP K Series Wi-Fi Network Camera	90.83	81.74	0
	IPC-K35S	RSH-4511	Dahua	Dahua Easy4IP IPC-K35S 3MP K Series Dual Band Wi-Fi Netwerk Came	107.40	96.66	4
6939554903922	IPC-HDBW1320E-W	RSH-4354	Dahua	Dahua Easy4IP IPC-HDBW1320E-W 3MP IR Mini-Dome Wi-Fi Network Cam	115.62	104.06	1
	IPC-A15	RSH-4348	Dahua	Dahua Easy4IP IPC-A15 1.3MP A Series Wi-Fi Network PT Camera	123.88	111.50	0
	NVR4104-4KS2	RSH-4360	Dahua	Dahua Easy4IP NVR4104-4KS2 4-Channel VGA/HDMI NVR	132.15	118.93	0
6939554905360	IPC-A35	RSH-4349	Dahua	Dahua Easy4IP IPC-A35 3MP A Series Wi-Fi Network PT Camera	140.41	126.37	2
	IPC-HDBW1320E	RSH-4353	Dahua	Dahua Easy4IP IPC-HDBW1320E 3MP IR Mini-Dome Network Camera	148.68	133.81	0
6939554912405	SD22204T-GN-W	RSH-4372	Dahua	Dahua Easy4IP SD22204T-GN-W 2MP 4x Zoom PTZ Netwerk Camera	148.68	133.81	1
	IPC-HFW1320S	RSH-4356	Dahua	Dahua Easy4IP IPC-HFW1320S 3MP Network IR Mini-Bullet Camera	156.94	141.25	0
	NVR4108-4KS2	RSH-4363	Dahua	Dahua Easy4IP NVR4108-4KS2 8-Channel VGA/HDMI NVR	165.21	148.69	0
	NVR4104HS-W-S2	RSH-4362	Dahua	Dahua Easy4IP NVR4104HS-W-S2 4 Channel WiFi NVR	173.47	156.12	0
	NVR4104-P-4KS2	RSH-4361	Dahua	Dahua Easy4IP NVR4104-P-4KS2 4-Channel PoE NVR	190.00	171.00	0
	NVR4108-P-4KS2	RSH-4364	Dahua	Dahua Easy4IP NVR4108-P-4KS2 8-Channel PoE NVR	247.85	223.07	0
	SD29204T-GN	RSH-4373	Dahua	Dahua Easy4IP SD29204T-GN 2MP 4x Zoom IR PTZ Netwerk Camera	280.91	252.82	0
	SD29204T-GN-W	RSH-4374	Dahua	Dahua Easy4IP SD29204T-GN-W 2MP 4x Zoom IR PTZ Netwerk Camera	297.44	267.69	0
4250059694255	9425	RSH-3063	Devolo	Devolo WiFi Repeater	32.23	27.70	0
4250059693746	9374	RSH-3055	Devolo	Devolo dLAN 1200+	57.02	54.00	0
4250059693876	9387	RSH-3058	Devolo	Devolo dLAN 1200+ WiFi ac	95.04	91.16	2
4250059693814	9381	RSH-3056	Devolo	Devolo dLAN 1200+ Starter Kit	102.48	99.00	4
4250059693944	9394	RSH-3057	Devolo	Devolo dLAN 1200+ WiFi ac Starter Kit	139.67	128.52	0
4260423860001	D101	RSH-4813	Doorbird	DoorBird IP Video Door Station D101	289.21	289.21	4
4260423860193	D101S	RSH-4814	Doorbird	DoorBird IP Video Door Station D101S	313.22	313.22	4
4260423860414	D2101V	RSH-4822	Doorbird	DoorBird IP Video Door Station D2101V	544.63	544.63	0
4260423860742	D2101BV	RSH-4839	Doorbird	DoorBird IP Video Door Station D2101BV	610.74	610.74	0
4260423860421	D2102V	RSH-4823	Doorbird	DoorBird IP Video Door Station D2102V	627.27	627.27	0
4260423860438	D2103V	RSH-4824	Doorbird	DoorBird IP Video Door Station D2103V	668.60	668.60	0
4260423860452	D21DKH	RSH-4825	Doorbird	DoorBird IP Video Door Station D21DKH	1908.26	1908.26	0
4260423860445	D21DKV	RSH-4826	Doorbird	DoorBird IP Video Door Station D21DKV	1908.26	1908.26	0
5000394123106	CR17345	RSH-3933	Duracell	Duracell 123 Ultra Lithium batterij CR17345 - Arlo Camera (4x)	12.40	12.40	20
3553340620027	ELRACK	RSH-3016	Eaton	Eaton rackmontagekit - 2U 19 inch	53.72	49.35	0
743172034649	3S550DIN	RSH-2204	Eaton	Eaton 3S 550 VA USB (Schuko)	65.29	60.30	3
3553340610622	61062	RSH-2949	Eaton	Eaton Protection Station 650 DIN	87.60	82.56	4
743172437266	ELP650DIN	RSH-2140	Eaton	Eaton Ellipse PRO 650 DIN	128.93	122.10	2
3553340620836	EL800USBIEC	RSH-2229	Eaton	Eaton Ellipse ECO 800 IEC USB	142.15	134.88	0
3553340621635	EL1600USBIEC	RSH-2230	Eaton	Eaton Ellipse ECO 1600 IEC USB	229.75	220.33	2
743172042903	5P650iR	RSH-2136	Eaton	Eaton 5P 650i Rack1U	260.33	249.82	0
743172438188	ELP1600DIN	RSH-2139	Eaton	Eaton Ellipse PRO 1600 DIN	280.17	269.12	0
743172042910	5P850iR	RSH-3715	Eaton	Eaton 5P 850i Rack1U	342.98	330.26	0
743172042934	5P1550iR	RSH-3717	Eaton	Eaton 5P 1550i Rack1U	657.02	634.68	0
		RSH-2932	Foscam	Foscam 12V verlengkabel zwart	8.18	7.69	0
		RSH-2933	Foscam	Foscam 12V verlengkabel wit	8.18	7.69	2
		RSH-2938	Foscam	Foscam 5V extension zwart	8.18	7.69	2
		RSH-2939	Foscam	Foscam 5V extension wit	8.18	7.69	0
		RSH-2930	Foscam	Foscam 12V adapter zwart	10.66	10.02	4
		RSH-2931	Foscam	Foscam 12V adapter wit	10.66	10.02	1
		RSH-2934	Foscam	Foscam 5dBi antenne zwart	10.66	10.02	2
		RSH-2935	Foscam	Foscam 5dBi antenne wit	10.66	10.02	1
		RSH-2936	Foscam	Foscam 5V adapter zwart	10.66	10.02	4
		RSH-2937	Foscam	Foscam 5V adapter wit	10.66	10.02	1
6954836011119	FAB99	RSH-3723	Foscam	Foscam FAB99 Spatwaterdichte lasdoos	20.62	19.35	1
	bracket_9828P	RSH-3556	Foscam	Foscam hoek-ophangbeugel voor FI9828W of FI9828P	23.97	22.53	3
6954836000021	C1-B	RSH-3271	Foscam	Foscam C1 Black	49.55	46.53	3
6954836098165	FI9816P	RSH-3272	Foscam	Foscam FI9816P Black	53.68	50.42	1
6954836098172	FI9816Pwhite	RSH-3273	Foscam	Foscam FI9816P White	53.68	50.42	3
6954836098011	FI9803P	RSH-2725	Foscam	Foscam FI9803P White	66.07	62.07	2
6954836098509	FI9851P	RSH-2790	Foscam	Foscam FI9851P Indoor Dome Camera	66.07	58.19	3
6954836000984	FI9800P	RSH-3866	Foscam	Foscam FI9800P 1MP Outdoor HD Waterproof IP Camera	66.07	62.07	4
6954836098530	FI9853EP	RSH-2791	Foscam	Foscam FI9853EP Outdoor Dome Camera	74.34	58.19	4
6954836097212	FI9821P	RSH-4667	Foscam	Foscam FI9821P 720P HD Camera	74.34	68.28	2
6954836016497	FI9800XE	RSH-4669	Foscam	Foscam FI9800XE	74.34	69.84	0
6954836052013	FOSBABY-B	RSH-2694	Foscam	Foscam Fosbaby Blue	82.60	77.61	2
6954836089743	FI9800E	RSH-4670	Foscam	Foscam FI9800E	82.60	69.84	0
6954836010815	C2-W	RSH-3508	Foscam	Foscam C2	86.74	81.49	1
6954836098042	FI9804W	RSH-2372	Foscam	Foscam FI9804W Silver	87.52	82.27	2
6954836031049	FN3104H	RSH-2848	Foscam	Foscam FN3104H	93.31	87.71	1
6954836099131	FI9903P	RSH-2781	Foscam	FOSCAM FI9903P WHITE	107.40	90.81	4
6954836099001	FI9900P	RSH-3510	Foscam	Foscam FI9900P	107.40	89.26	5
6954836002452	FI9961EP	RSH-4222	Foscam	Foscam FI9961EP Full HD POE 2MP IP Camera	107.40	100.92	2
6954836000205	R2	RSH-3509	Foscam	Foscam R2	111.53	104.84	4
6954836009802	FI9900E	RSH-4671	Foscam	Foscam FI9900E	115.62	100.92	0
6954836031094	FN3109	RSH-3511	Foscam	Foscam FN3109	119.79	104.88	2
6954836019900	FI9900EP	RSH-3698	Foscam	Foscam FI9900EP Full HD POE 2MP IP camera	119.79	108.68	4
6954836098240	FI9826P-B	RSH-2503	Foscam	Foscam FI9826P Black	132.19	115.75	4
6954836025871	FI9901EP	RSH-4139	Foscam	Foscam FI9901EP 4MP outdoor POE IP Camera	132.19	124.22	0
6954836098684	FI9828P	RSH-3270	Foscam	Foscam FI9828P	181.78	146.83	2
6954836010044	R4	RSH-4339	Foscam	Foscam R4 4.0MP Pan/Tilt Wireless Indoor IP Camera	181.78	170.84	6
6954836003299	FI9928P	RSH-4383	Foscam	Foscam FI9928P 1080P 2MP PTZ Dome	247.89	232.98	1
6954836031803	FN3108XE-B4-1T	RSH-4166	Foscam	Foscam NVR Kit - 8 ch NVR Kit 4x 720P IP Camera 1TB HDD XPOE	374.34	340.19	0
6954836031025	6954836031025	RSH-4668	Foscam	Foscam NVR Kit - 8 kanaals NVR Kit 4x 720P IP-Camera 1TB HDD PoE	437.98	365.05	0
6954836020166	FN7108E-B4-2T	RSH-4165	Foscam	Foscam NVR Kit - 8 ch NVR Kit 4x 1080P IP-Camera 2TB HDD POE	701.67	601.99	0
705487199925	0G04412	RSH-3849	G-Technology	G-Technology G-DRIVE ev Series FireWire Adapter	39.67	36.51	0
705487206302	0G06071	RSH-4861	G-Technology	G-Technology G-DRIVE mobile 1TB USB 3.0	57.02	51.95	1
705487202014	0G04877	RSH-3963	G-Technology	G-Technology G-DRIVE mobile USB-C 1TB	70.25	64.06	4
705487200737	0G04548	RSH-3703	G-Technology	G-Technology G-DOCK ev Solo Enclosure USB 3.0	76.03	69.33	1
705487193145	0G02875	RSH-2114	G-Technology	G-Technology G-DRIVE mobile USB 1TB 7200RPM USB3.0	79.34	72.19	4
705487206319	0G06072	RSH-4860	G-Technology	G-Technology G-DRIVE mobile 2TB USB 3.0	80.17	73.54	3
705487199215	0G04102	RSH-3051	G-Technology	G-Technology G-DRIV ev RaW 1000GB	82.64	75.21	3
705487199673	0G03615	RSH-3049	G-Technology	G-Technology G-DRIVE ev ATC USB3 1000GB EMEA	109.09	99.69	2
705487203202	0G05191	RSH-4180	G-Technology	G-Technology G-DRIVE ev RaW 2000GB	109.09	99.69	3
705487206333	0G06074	RSH-4862	G-Technology	G-Technology G-DRIVE mobile 4TB USB 3.0	114.88	105.06	2
705487196351	0G03595	RSH-3054	G-Technology	G-Technology G-DRIVE 4TB USB 3.0 EMEA	147.93	134.87	3
705487196009	0G03505	RSH-3383	G-Technology	G-Technology Studio/RAID 2TB Enterprise Spare Drive	148.76	135.48	0
705487203653	0G05273	RSH-4307	G-Technology	G-Technology G-DRIVE slim SSD USB-C 500GB	150.41	136.99	0
705487193190	0G03041	RSH-2113	G-Technology	G-Technology G-DRIVE mobile 1TB Thunderbolt/USB3	151.24	138.10	5
705487204117	0G05667	RSH-4508	G-Technology	G-Technology G-DRIVE 4TB USB-C	152.89	139.11	1
705487205968	0G06021	RSH-4983	G-Technology	G-Technology G-DRIVE ev RaW 4000GB	156.20	142.32	4
705487206142	0G06052	RSH-4865	G-Technology	G-Technology G-DRIVE mobile 500GB SSD R-Series	159.50	145.01	0
705487196559	0G03675	RSH-3041	G-Technology	G-Technology G-DRIVE 6TB USB 3.0 EMEA	164.46	149.79	4
705487199123	0G03587	RSH-3048	G-Technology	G-Technology G-DRIVE ev ATC Thunderbolt 1000GB EMEA	166.12	151.18	4
705487201253	0G04756	RSH-3713	G-Technology	G-Technology G-DRIVE ev RaW SSD 500GB	166.94	152.24	0
705487196016	0G03506	RSH-3384	G-Technology	G-Technology Studio/RAID 3TB Enterprise Spare Drive	207.44	188.87	0
705487196023	0G03507	RSH-3385	G-Technology	G-Technology Studio/RAID 4TB Enterprise Spare Drive	222.31	202.22	0
705487197556	0G03907	RSH-4011	G-Technology	G-Technology G-DRIVE 8TB USB 3.0	233.06	211.97	0
705487193664	0G03051	RSH-2109	G-Technology	G-Technology G-DRIVE 4TB Thunderbolt & USB3	247.93	225.62	2
705487204193	0G05675	RSH-4509	G-Technology	G-Technology G-DRIVE 8TB USB-C	247.93	225.62	1
705487198621	0G04024	RSH-3047	G-Technology	G-Technology G-DRIVE 6TB 7200RPM Thunderbolt & USB3	285.95	260.10	2
705487202649	0G05017	RSH-4010	G-Technology	G-Technology G-DRIVE 10TB USB 3.0	287.60	261.63	1
705487199932	0G04432	RSH-3388	G-Technology	G-Technology Studio/RAID 5TB Enterprise Spare Drive	291.74	265.73	0
705487196030	0G03508	RSH-3386	G-Technology	G-Technology Studio/RAID 6TB Enterprise Spare Drive	295.04	268.94	0
705487204596	0G05364	RSH-4584	G-Technology	G-Technology G-DRIVE 4TB Thunderbolt 3 & USB3.1	297.52	270.80	0
705487206159	0G06053	RSH-4863	G-Technology	G-Technology G-DRIVE mobile 1TB SSD R-Series	308.26	280.83	0
705487201291	0G04760	RSH-3712	G-Technology	G-Technology G-DRIVE ev RaW SSD 1000GB	316.53	288.06	0
705487204230	0G05679	RSH-4510	G-Technology	G-Technology G-DRIVE 10TB USB-C	333.88	303.81	0
705487204643	0G05369	RSH-4585	G-Technology	G-Technology G-DRIVE 6TB Thunderbolt 3 & USB3.1	335.54	305.69	0
705487202601	0G04997	RSH-4013	G-Technology	G-Technology G-DRIVE 8TB 7200RPM Thunderbolt & USB3	371.07	337.46	1
705487204695	0G05374	RSH-4586	G-Technology	G-Technology G-DRIVE 8TB Thunderbolt 3 & USB3.1	414.05	376.44	0
705487202687	0G05025	RSH-4012	G-Technology	G-Technology G-DRIVE 10TB 7200RPM Thunderbolt & USB3	452.89	412.28	0
705487204749	0G05379	RSH-4587	G-Technology	G-Technology G-DRIVE 10TB Thunderbolt 3 & USB3.1	500.00	454.72	0
705487198874	0G04086	RSH-3389	G-Technology	G-Technology G-RAID Removable Thunderbolt 2 USB 3.0 8TB	500.83	455.82	1
705487204919	0G05749	RSH-4592	G-Technology	G-Technology G-RAID 8TB Thunderbolt 3 & USB-C 3.1G2	508.26	462.27	0
705487204794	0G05384	RSH-4985	G-Technology	G-Technology G-DRIVE 12TB Thunderbolt 3 & USB3.1	569.42	517.92	0
705487199376	0G04078	RSH-3375	G-Technology	G-Technology G-RAID USB G1 Removable 12TB Silver	582.64	530.17	0
705487206166	0G06054	RSH-4864	G-Technology	G-Technology G-DRIVE mobile 2TB SSD R-Series	623.14	566.60	0
705487199550	0G04094	RSH-3390	G-Technology	G-Technology G-RAID Removable Thunderbolt 2 USB 3.0 12TB	623.97	567.91	0
705487204964	0G05754	RSH-4593	G-Technology	G-Technology G-RAID 12TB Thunderbolt 3 & USB-C 3.1G2	623.97	567.91	0
705487199413	0G04082	RSH-3376	G-Technology	G-Technology G-RAID USB G1 Removable 16TB Silver	770.25	700.88	0
705487199598	0G04098	RSH-3391	G-Technology	G-Technology G-RAID Removable Thunderbolt 2 USB 3.0 16TB	770.25	700.91	1
705487205015	0G05759	RSH-4594	G-Technology	G-Technology G-RAID 16TB Thunderbolt 3 & USB-C 3.1G2	780.17	709.37	0
705487202762	0G05013	RSH-4181	G-Technology	G-Technology G-RAID Removable Thunderbolt 2 USB 3.0 20TB	1013.22	921.60	0
705487205060	0G05764	RSH-4595	G-Technology	G-Technology G-RAID 20TB Thunderbolt 3 & USB-C 3.1G2	1013.22	921.60	0
705487205114	0G05769	RSH-4596	G-Technology	G-Technology G-RAID 24TB Thunderbolt 3 & USB-C 3.1G2	1247.11	1133.81	0
705487206408	0G10068	RSH-4988	G-Technology	G-Technology G-SPEED Shuttle 4Bay Thunderbolt 3 16TB	1407.44	1279.93	0
705487206712	0G10142	RSH-4993	G-Technology	G-Technology G-SPEED Shuttle 4Bay 20TB Thunderbolt 3 met ev Seri	1459.50	1327.09	0
705487206453	0G10073	RSH-4989	G-Technology	G-Technology G-SPEED Shuttle 4Bay Thunderbolt 3 24TB	1676.86	1525.15	0
705487206767	0G10147	RSH-4992	G-Technology	G-Technology G-SPEED Shuttle 4Bay 24TB Thunderbolt 3 met ev Seri	1676.86	1525.15	0
705487201048	0G04703	RSH-3855	G-Technology	G-Technology G-SPEED Shuttle XL Thunderbolt 2 18TB met ev Series	1840.50	1673.26	0
705487201086	0G04707	RSH-3856	G-Technology	G-Technology G-SPEED Shuttle XL Thunderbolt 2 24TB met ev Series	1975.21	1795.87	0
705487200997	0G04648	RSH-3860	G-Technology	G-Technology G-SPEED Shuttle XL Thunderbolt 2 24TB	2005.79	1824.18	0
705487206507	0G10078	RSH-4990	G-Technology	G-Technology G-SPEED Shuttle 4Bay Thunderbolt 3 32TB	2040.50	1855.27	0
705487205718	0G05938	RSH-4597	G-Technology	G-Technology G-SPEED Shuttle XL 24TB Thunderbolt 3 met ev Series	2047.93	1861.90	0
705487201420	0G04711	RSH-3857	G-Technology	G-Technology G-SPEED Shuttle XL Thunderbolt 2 36TB met ev Series	2628.93	2390.08	0
705487201130	0G04652	RSH-3861	G-Technology	G-Technology G-SPEED Shuttle XL Thunderbolt 2 32TB	2628.93	2390.08	0
705487206583	0G10088	RSH-4991	G-Technology	G-Technology G-SPEED Shuttle 4Bay Thunderbolt 3 48TB	2766.94	2515.49	0
705487205763	0G05943	RSH-4598	G-Technology	G-Technology G-SPEED Shuttle XL 36TB Thunderbolt 3 met ev Series	2919.01	2654.17	0
705487205169	0G05850	RSH-4606	G-Technology	G-Technology G-SPEED Shuttle XL 32TB Thunderbolt 3	2919.01	2654.17	0
705487201468	0G04715	RSH-3858	G-Technology	G-Technology G-SPEED Shuttle XL Thunderbolt 2 48TB met ev Series	3354.55	3050.30	0
705487201178	0G04656	RSH-3862	G-Technology	G-Technology G-SPEED Shuttle XL Thunderbolt 2 48TB	3354.55	3050.30	0
705487205817	0G05948	RSH-4599	G-Technology	G-Technology G-SPEED Shuttle XL 48TB Thunderbolt 3 met ev Series	3645.45	3314.39	0
705487205510	0G05855	RSH-4605	G-Technology	G-Technology G-SPEED Shuttle XL 48TB Thunderbolt 3	3645.45	3314.39	0
705487201215	0G04660	RSH-3864	G-Technology	G-Technology G-SPEED Shuttle XL Thunderbolt 2 64TB	4444.63	4040.64	0
705487202502	0G05037	RSH-4014	G-Technology	G-Technology G-SPEED Studio XL Thunderbolt 2 60TB met ev Series 	4444.63	4040.64	0
705487205862	0G05953	RSH-4600	G-Technology	G-Technology G-SPEED Shuttle XL 60TB Thunderbolt 3 met ev Series	4734.71	4304.72	0
705487205565	0G05860	RSH-4604	G-Technology	G-Technology G-SPEED Shuttle XL 64TB Thunderbolt 3	4734.71	4304.72	0
705487202465	0G05041	RSH-4276	G-Technology	G-Technology G-SPEED Shuttle XL Thunderbolt 2 80TB	5533.88	5030.96	0
705487205916	0G05958	RSH-4601	G-Technology	G-Technology G-SPEED Shuttle XL 72TB Thunderbolt 3 met ev Series	5606.61	5096.99	0
705487205619	0G05865	RSH-4603	G-Technology	G-Technology G-SPEED Shuttle XL 80TB Thunderbolt 3	5823.97	5295.05	0
705487205664	0G05870	RSH-4602	G-Technology	G-Technology G-SPEED Shuttle XL 96TB Thunderbolt 3	7276.86	6615.50	0
705487203141	0G05183	RSH-4273	G-Technology	G-Technology G-RACK 12 Uitbreiding 48TB	8766.12	7969.72	0
705487203158	0G05184	RSH-4274	G-Technology	G-Technology G-RACK 12 Uitbreiding 72TB	9513.22	8648.65	0
705487203165	0G05185	RSH-4275	G-Technology	G-Technology G-RACK 12 Uitbreiding 96TB	11005.79	10005.54	0
705487203172	0G05186	RSH-4272	G-Technology	G-Technology G-RACK 12 Uitbreiding 120TB	12498.35	11362.44	0
705487203103	0G05179	RSH-4269	G-Technology	G-Technology G-RACK 12 48TB	12796.69	11633.82	0
	0G06006	RSH-4987	G-Technology	G-Technology G-RACK 12 Uitbreiding 144TB	14289.26	12990.71	0
705487203110	0G05180	RSH-4270	G-Technology	G-Technology G-RACK 12 72TB	17274.38	15704.51	0
705487203127	0G05181	RSH-4271	G-Technology	G-Technology G-RACK 12 96TB	21005.79	19096.29	0
705487203134	0G05182	RSH-4268	G-Technology	G-Technology G-RACK 12 120TB	24737.19	22489.01	0
	0G06005	RSH-4986	G-Technology	G-Technology G-RACK 12 144TB	27722.31	25202.81	0
691450002050	SEU1000	RSH-4329	Glyph	Glyph Studio 1TB 7200RPM FW800/USB3/eSATA	142.98	130.09	0
691450002067	SEU2000	RSH-4330	Glyph	Glyph Studio 2TB 7200RPM FW800/USB3/eSATA	177.69	161.70	0
691450002074	SEU3000	RSH-4331	Glyph	Glyph Studio 3TB 7200RPM FW800/USB3/eSATA	200.00	182.48	0
691450002630	A500BLK	RSH-4335	Glyph	Glyph Atom 525GB Portable SSD (Black)	206.61	188.00	0
691450002623	A500GRY	RSH-4336	Glyph	Glyph Atom 525GB Portable SSD (Grey)	206.61	188.00	0
691450002081	SEU4000	RSH-4332	Glyph	Glyph Studio 4TB 7200RPM FW800/USB3/eSATA	253.72	231.25	0
691450002098	SEU5000	RSH-4333	Glyph	Glyph Studio 5TB 7200RPM FW800/USB3/eSATA	285.95	260.16	0
691450002920	SEU6000	RSH-4334	Glyph	Glyph Studio 6TB 7200RPM FW800/USB3/eSATA	312.40	284.55	0
691450002647	A1000SLV	RSH-4292	Glyph	Glyph Atom 1TB Portable SSD (Silver)	339.67	309.04	0
691450002821	AR2000GRY	RSH-4337	Glyph	Glyph Atom RAID 2TB Portable SSD (Grey)	716.53	651.40	0
691450002791	AR2000BLK	RSH-4338	Glyph	Glyph Atom RAID 2TB Portable SSD (Black)	716.53	651.40	0
8717306631334	0A60318	RSH-3130	HGST	HGST 100GB Endurastar J4K320 HEJ423210H9E300	102.43	97.55	0
5415247137023	0A60317	RSH-3131	HGST	HGST 200GB Endurastar J4K320 HEJ423220H9E300	112.88	107.50	0
4053162748491	0F23009	RSH-3661	HGST	HGST 2TB - SATA III 128MB 7K6000 Ultrastar (HUS726020ALE610)	114.70	110.29	0
8717306631358	0A60316	RSH-3133	HGST	HGST 250GB Endurastar J4K320 HEJ423225H9E300	119.29	113.61	0
8717306631365	0A60315	RSH-3134	HGST	HGST 320GB Endurastar J4K320 HEJ423232H9E300	126.19	120.18	0
8717306635738	0F22799	RSH-3660	HGST	HGST 2TB - SAS 128MB 7K6000 Ultrastar (HUS726020AL5210)	126.83	121.95	0
8717306634342	0F23005	RSH-3663	HGST	HGST 4TB - SATA III 128MB 7K6000 Ultrastar (HUS726040ALE610)	167.81	161.36	0
829686002913	0B28955	RSH-5004	HGST	HGST Ultrastar C15K600 300GB SAS internal hard drive	171.04	164.46	0
4053162748477	0F23001	RSH-3665	HGST	HGST 6TB - SATA III 128MB 7K6000 Ultrastar (HUS726060ALE610)	173.90	167.21	0
8717306633925	0F22791	RSH-3664	HGST	HGST 6TB - SAS 128MB 7K6000 Ultrastar (HUS726060AL5210)	183.44	176.38	0
8717306634304	0F23657	RSH-2711	HGST	HGST 8TB Ultrastar He8 HUH728080AL5204	259.85	249.86	0
8717306638975	0F30144	RSH-4945	HGST	HGST 12TB Ultrastar He12 (HUH721212ALE600)	321.84	309.46	0
8717306635684	0F27452	RSH-4659	HGST	HGST 10TB Ultrastar He10 (SATA 6Gb/s) HUH721010ALE600	333.85	321.01	0
8717306631426	0F18370	RSH-2192	HGST	HGST 6TB SAS 64MB Ultrastar (HUS726060ALS640)	453.60	436.15	0
635040980243	DS-1258ZJ	RSH-3038	Hikvision	Hikvision DS-1258ZJ Wandbeugel	13.00	8.60	0
6954273606510	DS-1280ZJ-DM18	RSH-3029	Hikvision	Hikvision DS-1280ZJ-DM18 Aluminium montage box	16.53	15.67	0
6954273606633	DS-1280ZJ-DM21	RSH-3030	Hikvision	Hikvision DS-1280ZJ-DM21 Montage aansluitdoos	21.00	15.67	0
6954273604363	DS-1260ZJ	RSH-3031	Hikvision	Hikvision DS-1260ZJ Montage aansluitdoos	26.00	15.67	0
	DS-1272ZJ-110 black	RSH-5065	Hikvision	Hikvision DS-1272ZJ-110 Aluminium wandbeugel black	31.00	31.00	0
6954273606640	DS-1272ZJ-110	RSH-4542	Hikvision	Hikvision DS-1272ZJ-110 Aluminium wandbeugel	32.00	22.77	0
6954273606749	DS-1272ZJ-110B	RSH-3025	Hikvision	Hikvision DS-1272ZJ-110B Aluminium wandbeugel	38.00	30.86	0
4005922416348	DS-1275ZJ	RSH-3028	Hikvision	Hikvision DS-1275ZJ Paalmontagebeugel	38.00	23.60	0
6954273606787	DS-1276ZJ	RSH-4049	Hikvision	Hikvision DS-1276ZJ Hoek Montagebeugel	40.80	23.36	1
740016765875	DS-1273ZJ-130-TRL	RSH-4541	Hikvision	Hikvision DS-1273ZJ-130-TRL Aluminium wandbeugel	42.00	31.37	0
	DS-1273ZJ-130-TRLB	RSH-5066	Hikvision	Hikvision DS-1273ZJ-130-TRLB Aluminium wandbeugel zwart	42.00	42.00	0
8167830166770	DS-1272ZJ-120B	RSH-3026	Hikvision	Hikvision DS-1272ZJ-120B Mini dome wandbeugel	61.00	54.13	0
6954273607678	DS-2CD2510F(2.8mm)	RSH-3569	Hikvision	Hikvision DS-2CD2510F (2.8mm) 1.3MP IP66 Mini Dome Camera	214.40	109.88	1
6954273607685	DS-2CD2510F(4mm)	RSH-3570	Hikvision	Hikvision DS-2CD2510F (4mm) 1.3MP IP66 Mini Dome Camera	214.40	117.73	1
6954273612894	DS-2CD2022WD-I(4mm)	RSH-4494	Hikvision	Hikvision DS-2CD2022WD-I (4mm) 2MP bullet	220.00	141.28	0
6954273613747	DS-2CD2122FWD-I(4mm)	RSH-4555	Hikvision	Hikvision DS-2CD2122FWD-I (4mm)  2MP IR True WDR Fixed Dome Came	228.00	188.39	0
6954273614331	DS-2CD2420F-IW(4mm)	RSH-3583	Hikvision	Hikvision DS-2CD2420F-IW (4mm) 2MP IR Cube Camera	245.22	156.99	3
6954273605506	DS-2CD2312-I(4mm)	RSH-2521	Hikvision	Hikvision DS-2CD2312-I (4mm) 1.3MP Outdoor Fixed Dome	247.00	188.39	0
6954273613464	DS-2CD2122F-I (2.8mm)	RSH-3915	Hikvision	Hikvision DS-2CD2122F-I (2.8mm) 2MP Mini Dome Camera	251.00	156.99	0
	DS-2CD2335FWD-I (2.8mm)	RSH-5052	Hikvision	Hikvision DS-2CD2335FWD-I (2.8mm) 3MP EXIR Dome	255.00	255.00	0
	DS-2CD2335FWD-I (4mm)	RSH-5053	Hikvision	Hikvision DS-2CD2335FWD-I (4mm) 3MP EXIR Dome	255.00	255.00	0
	DS-2CD2335FWD-IB (2.8mm)	RSH-5054	Hikvision	Hikvision DS-2CD2335FWD-IB (2.8mm) 3MP EXIR Dome black	255.00	255.00	0
	DS-2CD2335FWD-IB (4mm)	RSH-5055	Hikvision	Hikvision DS-2CD2335FWD-IB (4mm) 3MP EXIR Dome black	255.00	255.00	0
6954273600426	DS-2CD2032F-I (4mm)	RSH-4419	Hikvision	Hikvision DS-2CD2032F-I (4mm) 3MP IR Mini Bullet Camera	258.00	156.99	0
	DS-2CD2035FWD-I (2.8mm)	RSH-5062	Hikvision	Hikvision DS-2CD2035FWD-I (2.8mm) 3MP Mini Bullet	258.00	258.00	0
	DS-2CD2035FWD-I (4mm)	RSH-5063	Hikvision	Hikvision DS-2CD2035FWD-I (4mm) 3MP Mini Bullet	258.00	258.00	0
6954273637880	DS-2CD2135FWD-I (2.8mm)	RSH-5042	Hikvision	Hikvision DS-2CD2135FWD-I (2.8mm) 3MP Ultra Low Light	259.00	259.00	0
	DS-2CD2135FWD-I (2.8mm)	RSH-5043	Hikvision	Hikvision DS-2CD2135FWD-I (2.8mm) 3MP Ultra Low Light black	259.00	259.00	0
	DS-2CD2135FWD-I (4mm)	RSH-5044	Hikvision	Hikvision DS-2CD2135FWD-I (4mm) 3MP Ultra Low Light	259.00	259.00	0
	DS-2CD2135FWD-I (4mm) Zw	RSH-5045	Hikvision	Hikvision DS-2CD2135FWD-I (4mm) 3MP Ultra Low Light black	259.00	259.00	0
6954273613860	DS-2CD2142FWD-I(4mm)	RSH-4341	Hikvision	Hikvision DS-2CD2142FWD-I (4mm) 4MP Fixed Dome	261.00	156.99	0
6954273612979	DS-2CD2042WD-I(4mm)	RSH-4495	Hikvision	Hikvision DS-2CD2042WD-I (4mm) 4MP bullet	261.00	133.43	0
	DS-2CD2535FWD-I (2.8mm)	RSH-5050	Hikvision	Hikvision DS-2CD2535FWD-I (2.8mm) 3MP Mini Dome	307.00	307.00	0
	DS-2CD2535FWD-I (4mm)	RSH-5051	Hikvision	Hikvision DS-2CD2535FWD-I (4mm) 3MP Mini Dome	307.00	307.00	0
6954273637828	DS-2CD2125FWD-IM (2.8mm)	RSH-5046	Hikvision	Hikvision DS-2CD2125FWD-IM (2.8mm) 2MP HDMI Ultra Low Light	310.00	310.00	0
	DS-2CD2T35FWD-I5 (2.8mm)	RSH-5057	Hikvision	Hikvision DS-2CD2T35FWD-I5 (2.8mm) 3MP EXIR Bullet	311.00	311.00	0
	DS-2CD2T35FWD-I5 (2.8mm)	RSH-5058	Hikvision	Hikvision DS-2CD2T35FWD-I5 (2.8mm) 3MP EXIR Bullet Zwart	311.00	311.00	0
	DS-2CD2T35FWD-I5 (4mm)	RSH-5059	Hikvision	Hikvision DS-2CD2T35FWD-I5 (4mm) 3MP EXIR Bullet	311.00	311.00	0
	DS-2CD2T35FWD-I5 (4mm)	RSH-5060	Hikvision	Hikvision DS-2CD2T35FWD-I5 (4mm) 3MP EXIR Bullet Zwart	311.00	311.00	0
4005922407162	DS-2CD2512F-IWS(4mm)	RSH-3392	Hikvision	Hikvision DS-2CD2512F-IWS (4mm) 1.3MP Fixed Mini Dome (wifi+Mic)	318.00	211.95	0
6954273607944	DS-7604NI-E1/4P/A	RSH-3186	Hikvision	Hikvision DS-7604NI-E1/4P/A 4 Channel 1U NVR	319.00	164.83	0
6954273614966	DS-2CD2710F-I(2.8-12mm)	RSH-3575	Hikvision	Hikvision DS-2CD2710F-I (2.8-12mm) 1.3MP VF IR Dome Camera	321.60	171.94	1
6954273611279	DS-7108NI-E1/V/W	RSH-3580	Hikvision	Hikvision DS-7108NI-E1/V/W Embedded WiFi NVR	335.00	235.50	0
	DS-2CD2542FWD-I(2.8mm)	RSH-4342	Hikvision	Hikvision DS-2CD2542FWD-I (2.8mm) 4MP WDR Mini Dome Network Came	336.00	298.31	0
6954273614621	DS-2CD2542FWD-I(4mm)	RSH-4343	Hikvision	Hikvision DS-2CD2542FWD-I (4mm) 4MP WDR Mini Dome Network	348.00	314.01	0
	DS-2CD2542FWD-IS (4mm)	RSH-4539	Hikvision	Hikvision DS-2CD2542FWD-IS (4mm) 4MP WDR mini dome	364.00	219.79	0
	DS-2CD2525FWD-IWS (2.8mm	RSH-5064	Hikvision	Hikvision DS-2CD2525FWD-IWS (2.8mm) 2MP Mini Dome Wifi	379.00	379.00	0
6954273600495	DS-2CD2612F-I	RSH-2533	Hikvision	Hikvision DS-2CD2612F-I 1.3MP Outdoor Vari-Focal Bullet	417.00	219.79	0
6954273607951	DS-7608NI-E2/8P/A	RSH-3187	Hikvision	Hikvision DS-7608NI-E2/8P/A 8 Channel 1U NVR	448.00	298.31	0
6954273626648	DS-2CD2642FWD-IZS	RSH-3914	Hikvision	Hikvision DS-2CD2642FWD-IZS, 4MP, 30m IR, WDR, I/O, Motorzoom	465.00	416.08	0
6954273600501	DS-2CD2632F-I	RSH-2534	Hikvision	Hikvision DS-2CD2632F-I 3MP Outdoor Vari-Focal Bullet	470.00	314.01	0
	DS-2CD2742FWD-I	RSH-4052	Hikvision	Hikvision DS-2CD2742FWD-I (2.8-12mm) 4MP WDR Vari-focal Dome Net	472.00	266.90	0
6954273626686	DS-2CD2742FWD-IZS	RSH-4060	Hikvision	Hikvision DS-2CD2742FWD-IZS	472.00	269.04	1
6954273602321	DS-7604NI-VP	RSH-3581	Hikvision	Hikvision DS-7604NI-VP Vertical PoE NVR	504.00	337.56	0
6954273642662	DS-2CD2635FWD-IZS	RSH-5061	Hikvision	Hikvision DS-2CD2635FWD-IZS 3MP Varifocal EXIR Bullet	540.00	540.00	0
5420016854988	DS-2CD2H35FWD-IZS	RSH-5056	Hikvision	Hikvision DS-2CD2H35FWD-IZS 3MP Varifocal EXIR Dome 2.8~12mm	541.00	541.00	0
6954273642686	DS-2CD2735FWD-IZS	RSH-5048	Hikvision	Hikvision DS-2CD2735FWD-IZS 3MP Varifocal Dome	543.00	543.00	0
6954273606466	DS-2CD6362F-I	RSH-3412	Hikvision	Hikvision DS-2CD6362F-I 6MP WDR Fisheye Network Camera	1004.00	714.42	0
6954273607722	DS-2CD6332FWD-I	RSH-3410	Hikvision	Hikvision DS-2CD6332FWD-I 3MP WDR Fisheye Network Camera	1005.00	588.80	0
6954273607739	DS-2CD6332FWD-IVS	RSH-3411	Hikvision	Hikvision DS-2CD6332FWD-IVS 3MP WDR Fisheye Outdoor Network Came	1005.00	942.11	0
6954273607753	DS-2CD6362F-IVS	RSH-3413	Hikvision	Hikvision DS-2CD6362F-IVS 6MP WDR Fisheye Outdoor Network Camera	1054.00	753.68	0
	HDU2-OTG	RSH-1801	Hyperdrive	HyperDrive Colorspace UDMA 2 USB OTG Adapter	41.28	28.74	2
6941921141141	iUSBport Mini	RSH-1930	Hyperdrive	HyperDrive iUSBport Mini	74.34	69.02	4
6941921146160	GN28B-SILVER	RSH-4376	Hyperdrive	HyperDrive Thunderbolt 3 USB-C Hub (Silver)	86.78	78.65	3
6941921146085	GN28B-GRAY	RSH-4377	Hyperdrive	HyperDrive Thunderbolt 3 USB-C Hub (Space Grey)	86.78	78.65	3
	IUSBHD-000	RSH-2191	Hyperdrive	Hyperdrive iUSBportHD	132.19	123.20	0
	UDMA3	RSH-3530	Hyperdrive	Hyperdrive Colorspace UDMA 3	247.89	226.80	1
4250078184119	IB-AC602	RSH-0681	ICY BOX	ICY BOX Protection box IB-AC602	4.92	4.13	17
4250078184478	IB-2535StS	RSH-1095	ICY BOX	ICY BOX IB-2535StS HDD Converter	8.99	8.17	0
5704327612308	IB-12042	RSH-2957	ICY BOX	ICY BOX Voeding	10.87	9.88	0
4250078185628	IB-273StU3	RSH-1316	ICY BOX	ICY BOX IB-273StU3 (1x 2,5'' SATA, USB 3.0)	11.75	10.68	0
4250078160748	IB-276U3	RSH-3518	ICY BOX	ICY BOX IB-276U3	11.97	10.88	2
4250078163671	IB-234U3a	RSH-2877	ICY BOX	ICY BOX IB-234U3a	12.40	11.27	10
4250078184461	IB-20901	RSH-2956	ICY BOX	ICY BOX Netbook Extension Tablet	15.29	13.90	3
4250078183723	IB-290StUS-B	RSH-0359	ICY BOX	"ICY BOX IB-290StUS-B (2,5"""" SATA, USB 2.0 & eSATA)"	15.70	14.27	2
4250078182665	IB-168SK-B	RSH-0428	ICY BOX	ICY BOX IB-168SK-B Harddrive bay	16.05	14.59	0
4250078163640	IB-234-U31a	RSH-4248	ICY BOX	ICY BOX IB-234-U31a	17.34	15.76	16
4250078185543	IB-2216StS	RSH-1329	ICY BOX	ICY BOX IB-2216StS (2,5'' SATA/SSD Harddisk tray)	17.56	15.96	0
4250078182313	IB-138SK-B-II	RSH-2729	ICY BOX	ICY BOX CARRIER IB-138SK-B-II	17.95	16.32	1
4250078164821	IB-377U3	RSH-4942	ICY BOX	ICY BOX IB-377U3	19.79	17.38	13
4250078185178	IB-111StU3-Wh	RSH-1060	ICY BOX	ICY BOX IB-111StU3-Wh	24.30	22.09	6
4250078161509	IB-U31-02	RSH-3542	ICY BOX	ICY BOX IB-U31-02	25.52	23.20	9
4250078184553	IB-2226StS	RSH-1330	ICY BOX	ICY BOX IB-2226StS (2x2,5'' SATA/SSD Harddisk tray)	26.86	24.42	0
4250078183600	IB-351AStU-B	RSH-0363	ICY BOX	ICY BOX IB-351AStU-B (IDE & SATA, USB 2.0)	30.36	27.60	6
4250078182979	IB-138SK-B-II	RSH-0522	ICY BOX	"ICY BOX IB-138SK-B-II mobile rack (3.5"""" SATA, LED light, zwart)"	33.58	30.53	0
4250078187394	70801	RSH-1848	ICY BOX	ICY BOX IB-PBa7800 External Power Pack with 7800mAh Li-ion batte	35.09	20.00	6
4250078187462	IB-366StU3+B	RSH-4941	ICY BOX	ICY BOX IB-366StU3+B	35.29	32.08	7
4250078165620	IB-366-C31	RSH-4940	ICY BOX	ICY BOX IB-366-C31	40.17	36.52	4
4250078160717	IB-121CL-6G	RSH-3314	ICY BOX	ICY BOX IB-121CL-6G	47.96	43.60	8
4250078163763	IB-118U3-SPC	RSH-4063	ICY BOX	ICY BOX IB-118U3-SPC	51.49	46.81	5
4250078187448	IB-RD3662U3S	RSH-1847	ICY BOX	ICY BOX IB-RD3662U3S	79.37	72.15	3
4250078186335	IB-RD3640SU3	RSH-1374	ICY BOX	ICY BOX IB-RD3640SU3 (4x3,5'' SATA, RAID, USB 3.0, eSata, FireWi	133.09	120.99	4
4250078186342	IB-RD3640SU3E2	RSH-2809	ICY BOX	ICY BOX IB-RD3640SU3E2	169.72	154.29	2
5055288415898	INFD16GB360SECV2	RSH-3790	Integral	Integral 360 Secure USB2.0 16GB	11.53	10.95	0
5055288427730	INFD16GB360SEC3.0	RSH-3794	Integral	Integral 360 Secure USB3.0 16GB	14.01	13.31	0
5055288427747	INFD32GB360SEC3.0	RSH-3795	Integral	Integral 360 Secure USB3.0 32GB	20.62	19.59	0
5039014167138	INFD16GBCOUAT	RSH-2084	Integral	Integral Courier Secure 16GB	28.06	26.66	0
5055288427754	INFD64GB360SEC3.0	RSH-3796	Integral	Integral 360 Secure USB3.0 64GB	31.36	29.80	0
5055288410671	INFD16GCRYPTO197	RSH-2059	Integral	Integral Crypto 197 16GB	34.67	32.94	0
5055288430273	INFD16GCRY3.0197	RSH-3799	Integral	Integral Crypto 197 USB 3.0 16GB	41.28	39.22	0
5055288423985	INFD16GCOU3.0-197	RSH-2087	Integral	Integral Courier Secure USB 3.0 16GB	44.59	42.36	0
5055288418288	INFD8GCRYPTODL140	RSH-2075	Integral	Integral Crypto Dual 140-2 8GB	45.41	43.14	1
5055288430327	INFD16GCRYDL3.0197	RSH-3805	Integral	Integral Crypto Dual 197 USB3.0 16GB	46.24	43.93	1
5055288411821	INFD16GCRYPTODL197	RSH-2065	Integral	Integral Crypto Dual 197 16GB	47.89	45.50	0
5055288423947	INFD16GCOUDL3.0-197	RSH-2094	Integral	Integral Courier Dual USB 3.0 16 GB	53.68	50.99	7
5055288430280	INFD32GCRY3.0197	RSH-3801	Integral	Integral Crypto 197 USB 3.0 32GB	54.50	51.78	0
5055288401341	INFD32GBCOUAT	RSH-2085	Integral	Integral Courier Secure 32GB	56.16	53.35	1
5055288418295	INFD16GCRYPTODL140-2	RSH-2076	Integral	Integral Crypto Dual 140-2 16GB	57.81	54.92	1
5055288423992	INFD32GCOU3.0-197	RSH-2088	Integral	Integral Courier Secure USB 3.0 32GB	62.77	59.63	0
5055288410985	INFD16GCRYPTO140-2	RSH-2072	Integral	Integral Crypto 140-2 16GB	66.07	62.77	0
5055288430334	INFD32GCRYDL3.0197	RSH-3806	Integral	Integral Crypto Dual 197 USB3.0 32GB	66.07	62.77	0
5055288423954	INFD32GCOUDL3.0-197	RSH-2095	Integral	Integral Courier Dual USB 3.0 32GB	71.03	67.48	0
5055288410688	INFD32GCRYPTO197	RSH-2061	Integral	Integral Crypto 197 32Gb	74.34	70.62	0
5055288411838	INFD32GCRYPTODL197	RSH-2066	Integral	Integral Crypto Dual 197 32GB	82.60	78.47	1
5055288430297	INFD64GCRY3.0197	RSH-3802	Integral	Integral Crypto 197 USB 3.0 64GB	104.09	98.89	0
5055288410992	INFD32GCRYPTO140-2	RSH-2073	Integral	Integral Crypto 140-2 32GB	107.40	102.03	2
5055288418301	INFD32GCRYPTODL140-2	RSH-2077	Integral	Integral Crypto Dual 140-2 32GB	119.79	113.80	1
5055288430341	INFD64GCRYDL3.0197	RSH-3807	Integral	Integral Crypto Dual 197 USB3.0 64GB	123.93	117.73	1
5055288424005	INFD64GCOU3.0-197	RSH-3110	Integral	Integral Courier Secure USB 3.0 64GB	126.41	120.08	0
675901398282	SSDSC2BB150G701	RSH-5002	Intel	Intel SSD DC S3520 Series 150GB SSDSC2BB150G701	113.22	107.17	0
735858347655	SSDSC2KB240G701	RSH-5033	Intel	Intel SSD DC S4500 Series 240GB SSDSC2KB240G701	128.93	122.01	0
675901335355		RSH-5019	Intel	Intel SSD DC S3610 Series 100GB SSDSC2BX100G401	133.88	126.94	0
5032037091831	SSDSC2BB240G701	RSH-4588	Intel	Intel SSD DC S3520 Series 240GB SSDSC2BB240G701	157.85	149.83	0
735858294881	SSDSC1BG200G401	RSH-5020	Intel	Intel SSD DC S3610 Series 200GB SSDSC1BG200G401	158.68	151.07	0
735858347860	SSDSC2KG240G701	RSH-5038	Intel	Intel SSD DC S4600 Series 240GB SSDSC2KG240G701	161.16	153.43	0
735858347907	SSDSC2KB480G701	RSH-5035	Intel	Intel SSD DC S4500 Series 480GB SSDSC2KB480G701	166.94	158.21	0
